{
  "timestamp": "20260530_225015",
  "pipeline": "REAL (cross-encoder rerank)",
  "retrieval_metrics": {
    "hit_rate": 0.6,
    "mrr": 0.4733333333333333,
    "ndcg": 0.5061859507142915,
    "avg_top_score": 0.49388873159885405
  },
  "generation_metrics": {
    "faithfulness": 0.58,
    "answer_relevancy": 0.7622662878036499,
    "context_precision": 0.45,
    "context_recall": 0.456,
    "answer_correctness": 0.7040000000000001,
    "hallucination_rate": 0.42
  },
  "system_metrics": {
    "avg_retrieval_latency_ms": 54.482972000259906,
    "p95_retrieval_latency_ms": 74.52908000050228,
    "avg_generation_latency_ms": 10927.343835999782,
    "p95_generation_latency_ms": 18595.530719999064,
    "avg_total_latency_ms": 10981.826808000042,
    "p95_total_latency_ms": 18646.08803999798,
    "total_chunks_in_index": 50,
    "k_retrieved": 4,
    "rerank_pool": 15
  }
}