{
  "timestamp": "20260530_222851",
  "pipeline": "REAL (cross-encoder rerank)",
  "retrieval_metrics": {
    "hit_rate": 0.84,
    "mrr": 0.75,
    "ndcg": 0.7729386327515106,
    "avg_top_score": 2.9505966708064078
  },
  "generation_metrics": {
    "faithfulness": 0.7040000000000001,
    "answer_relevancy": 0.7466944706439972,
    "context_precision": 0.48,
    "context_recall": 0.552,
    "answer_correctness": 0.8080000000000002,
    "hallucination_rate": 0.29600000000000004
  },
  "system_metrics": {
    "avg_retrieval_latency_ms": 2112.0455960008258,
    "p95_retrieval_latency_ms": 2637.23696000161,
    "avg_generation_latency_ms": 10596.609759999701,
    "p95_generation_latency_ms": 13506.521500000961,
    "avg_total_latency_ms": 12708.655356000527,
    "p95_total_latency_ms": 16276.244940001923,
    "total_chunks_in_index": 50,
    "k_retrieved": 4,
    "rerank_pool": 15
  }
}