{
  "timestamp": "20260531_093728",
  "pipeline": "REAL (cross-encoder rerank)",
  "retrieval_metrics": {
    "hit_rate": 0.8,
    "mrr": 0.73,
    "ndcg": 0.7477014426086523,
    "avg_top_score": 2.9505966708064078
  },
  "generation_metrics": {
    "faithfulness": 0.68,
    "answer_relevancy": 0.7506912767887115,
    "context_precision": 0.5833333333333333,
    "context_recall": 0.552,
    "answer_correctness": 0.7782800000000001,
    "hallucination_rate": 0.32
  },
  "system_metrics": {
    "avg_retrieval_latency_ms": 1559.539752000046,
    "p95_retrieval_latency_ms": 2695.09974000025,
    "avg_generation_latency_ms": 6798.609052000011,
    "p95_generation_latency_ms": 11699.176960000023,
    "avg_total_latency_ms": 8358.148804000057,
    "p95_total_latency_ms": 13264.730200000122,
    "total_chunks_in_index": 50,
    "k_retrieved": 4,
    "rerank_pool": 15
  }
}