{
  "timestamp": "20260531_100952",
  "pipeline": "REAL (cross-encoder rerank)",
  "retrieval_metrics": {
    "hit_rate": 0.76,
    "mrr": 0.71,
    "ndcg": 0.722464252465794,
    "avg_top_score": 2.9505966708064078
  },
  "generation_metrics": {
    "faithfulness": 0.884,
    "answer_relevancy": 0.7760055720806122,
    "context_precision": 0.77,
    "context_recall": 0.528,
    "answer_correctness": 0.7759999999999999,
    "hallucination_rate": 0.11599999999999999
  },
  "system_metrics": {
    "avg_retrieval_latency_ms": 1072.9269480000949,
    "p95_retrieval_latency_ms": 1383.6482600005181,
    "avg_generation_latency_ms": 3963.634011999893,
    "p95_generation_latency_ms": 12353.466220000155,
    "avg_total_latency_ms": 5036.560959999988,
    "p95_total_latency_ms": 13199.1929600008,
    "total_chunks_in_index": 50,
    "k_retrieved": 4,
    "rerank_pool": 15
  }
}