{
  "timestamp": "20260531_100021",
  "pipeline": "REAL (cross-encoder rerank)",
  "retrieval_metrics": {
    "hit_rate": 0.76,
    "mrr": 0.71,
    "ndcg": 0.722464252465794,
    "avg_top_score": 2.9505966708064078
  },
  "generation_metrics": {
    "faithfulness": 0.8959999999999999,
    "answer_relevancy": 0.7772183084487915,
    "context_precision": 0.7433333333333333,
    "context_recall": 0.52,
    "answer_correctness": 0.7759999999999999,
    "hallucination_rate": 0.10399999999999998
  },
  "system_metrics": {
    "avg_retrieval_latency_ms": 1083.4241079999629,
    "p95_retrieval_latency_ms": 1365.8684600001834,
    "avg_generation_latency_ms": 4528.878323999961,
    "p95_generation_latency_ms": 12380.079959999874,
    "avg_total_latency_ms": 5612.302431999924,
    "p95_total_latency_ms": 13216.407739999884,
    "total_chunks_in_index": 50,
    "k_retrieved": 4,
    "rerank_pool": 15
  }
}